ts	phase	decision	why	evidence	result
2026-08-26T13:38:48Z	frame	Use high-rigor evidence gates	The change combines binary-derived interaction semantics, AppKit lifecycle, and user-visible drag behavior	Root and group directionality, immutable hit targets, lifecycle retention, autoscroll, executed tests, and live UI are separate falsifiable gates	IN_PROGRESS
2026-08-26T13:38:48Z	evidence	Treat ordinary Dia rows as fixed candidate slots	Recovered payloads carry source-independent section and index values through lookup and validation	FUN_104a4eaa8 authors fixed row payloads; FUN_104a4a2a4 and FUN_1046c0568 return or reject them without index normalization	VERIFIED_ROOT_ROWS
2026-08-26T13:38:48Z	gate	Reject the first integrated test run as incomplete	One layout assertion failed and the UI suite has not executed	Focused XCTest ran 63 tests with 62 passing before the boundary expectation was corrected	PENDING_RERUN
2026-08-26T13:38:49Z	blocker	Keep live Computer Use as an explicit unresolved gate	The secure console has no drawable application window while locked	IOConsoleLocked=Yes, CGSSessionScreenIsLocked=Yes, Computer Use returned cgWindowNotFound	INCONCLUSIVE_UNTIL_UNLOCK
2026-08-26T13:39:35Z	gate	Accept focused provisional suite	The corrected natural-boundary assertion now matches the fixed-target invariant	xcodebuild executed 63 focused unit and AppKit tests with exit code 0	PASS
2026-08-26T13:47:30Z	decision	Defer mid-flight snapshot retargeting and spring-duration change	The current CATransaction completion owns logical snapshot handoff, so replacing the animation or extending settling duration would alter commit timing without an independent settlement gate	Settlement critic traced settle to finishDragging to completeDropHandoff and identified exactly-once lifecycle tests required first	DEFERRED_WITH_REASON
2026-08-26T13:59:25Z	evidence	Separate fixed candidates from ordered drag sources	Dia metadata names section, ancestor index, and group ancestry, while the source collection remains a separate ordered value	Descriptors 0x105c07fac and 0x105e11554; FUN_104a4eaa8 copies paths unchanged; FUN_1046c0568 only accepts or rejects	VERIFIED
2026-08-26T13:59:25Z	boundary	Do not claim Dia multiselect final-order parity	The model delegate behind protocol slot +0x58 is outside the recovered evidence	FUN_104a6549c calls the unresolved witness at 0x104a65828 and 0x104a65b50	UNRESOLVED_EXPLICIT
2026-08-26T14:00:40Z	gate	Classify UI compilation separately from Tuist sharding	The target and DiaParityDragUITests compiled and linked, but local shard-plan derivation is CI-only	Tuist printed Test Build Succeeded, then exited 1 because no shard reference was available outside supported CI	COMPILE_PASS_WRAPPER_INCONCLUSIVE
2026-08-26T14:13:57Z	arena	Select natural item candidates plus structural boundaries	Four independent designs and a cross-model judge favored one meaning per candidate type	Candidate 1 and judge scored 28/30; candidate 4 surviving-prefix arithmetic reproduced A-over-B destination 0	SELECTED_WITH_GRAFTS
2026-08-26T14:16:30Z	red-test	Capture adjacent downward reorder through real model mutation	Passing geometry tests did not exercise planner no-op rejection or final topology order	TerminalSidebarDropPlanningTests ran 11 tests: 10 passed, A-over-B failed because planner returned nil; xcresult Test-supaterm-2026.08.26_15-15-42-+0100	EXPECTED_FAILURE_CONFIRMED
2026-08-26T14:26:08Z	ui-compile	Keep three direct parity UI regressions	Unsafe outside-window cancellation and timing-only activation coverage could create false failures or side effects	Non-sharded xcodebuild build-for-testing for supatermUITests exited 0; compiled bundle contains root down, root up, and same-group down tests; no UI execution	COMPILE_PASS_EXECUTION_PENDING
2026-08-26T14:27:37Z	motion	Add recovered ripple lift without changing settlement timing	The visual transform is independent from the transaction completion that owns snapshot handoff	Initial Y translation is -2 scaled linearly by scaleDelta/0.03; tests assert full and half transforms; spring duration remains 0.25	IMPLEMENTED_PENDING_TEST
2026-08-26T14:38:58Z	compile	Compile migrated production target model	Catch integration errors before test-callers converge	xcodebuild build scheme supaterm from apps/mac exited 0 with signing disabled	PASS
2026-08-26T15:29:28Z	evidence	Preserve the lifted source natural layout slot	Dia builds every ordinary snapshot row at full height before drag postprocessing; the postprocessor shifts displayed attributes only for an accepted target and never rewrites hit rectangles	FUN_104a4a540 ordinary loop and FUN_104a4d1e0 postprocessor, documented and pushed in dia-reverse-engineering commit 8088767	VERIFIED_SOURCE_SLOT
2026-08-26T15:29:28Z	implementation	Separate natural target geometry from projected gap geometry	The hit map must keep source-independent snapshot frames while the displayed plan hides the lifted source and adds the accepted destination gap	TerminalSidebarLayoutPlan builds natural and projected item geometry separately; layout-plan suite executed 24 tests with 24 passing	PASS
2026-08-26T15:30:02Z	gate	Accept the converged non-UI sidebar regression suite	All layout, planner, lifecycle, motion, resize, native capture, payload, and AppKit collection checks must pass after the final source-slot correction	xcodebuild executed 147 tests across 11 named suites with 147 passing, result bundle /tmp/supaterm-sidebar-broad.pn9B8o/sidebar-broad.xcresult	PASS
2026-08-26T15:50:02Z	implementation	Open ordinary-row visual gaps at the natural candidate band	Dia postprocessing shifts displayed rows from the chosen natural target minY; delegate destination normalization does not move the hit band or visual gap	TerminalSidebarLayoutPlan uses natural target Y for root-tab and group-item candidates while keeping model placeholders for commit settlement	PASS
2026-08-26T15:50:02Z	gate	Prove pointer hit through real final order	Separate hit-map and planner tests could both pass while their semantic handoff disagreed	Root and same-group direction matrices now resolve candidate frame midpoint through semantic target, planner, projected natural-gap frame, command, and TerminalTabCollection mutation; focused 46 tests passed	PASS
2026-08-26T15:53:13Z	gate	Accept the stable full macOS test target	The final natural-candidate visual-gap change must coexist with the entire application test target, not only sidebar suites	xcodebuild executed 2038 supatermTests with 2038 passing and zero failures or skips; /tmp/supaterm-full-stable.AX60GF/supatermTests.xcresult	PASS
2026-08-26T15:54:38Z	ui-compile	Accept direct Dia parity UI test compilation	The three root/group adjacent-direction scenarios must compile and link before runtime execution is attempted	xcodebuild build-for-testing for supatermUITests/DiaParityDragUITests exited 0 on arm64 macOS with signing disabled	PASS
2026-08-26T15:54:38Z	blocker	Keep live Computer Use and XCUITest execution distinct from compilation	A locked secure console has no drawable user application window and cannot provide pointer-driven evidence	IOConsoleLocked=Yes, CGSSessionScreenIsLocked=Yes, loginwindow frontmost after final UI compile; earlier Computer Use returned cgWindowNotFound	RUNTIME_BLOCKED_BY_LOCK
2026-08-26T16:23:40Z	review	Unify drag target validity and presentation state	Duplicated optional targets and acceptance booleans could drift across local and external sessions	TerminalSidebarDragTargetState now owns none, retained, and accepted transitions; focused state, coordinator, and external-drop suites passed	PASS
2026-08-26T16:23:40Z	structure	Extract autoscroll and presentation test ownership	The general motion implementation and test files mixed independent subsystems and approached the 1000-line limit	Autoscroll production is 314 lines, its tests are 248, collection motion is 561, motion tests are 577, drag controller is 983; strict format and diff checks pass	PASS
2026-08-26T16:23:40Z	gate	Accept final pre-rebase validation and review	The behavior and cleanup must pass subsystem, whole-target, UI compilation, correctness, and maintainability gates	Broad 147 passed; full supatermTests 2038 passed before the behavior-preserving file split; post-split broad 147 passed; UI build-for-testing passed; both thermos reviews report no blockers	PASS
2026-08-26T16:30:10Z	gate	Accept the rebased final commit	Main advanced while the interaction work was in progress, so validation must run again after history is replayed	Rebase onto origin/main 4c7057a5 completed without conflicts; full supatermTests executed 2038 with zero failures or skips; DiaParityDragUITests build-for-testing exited 0	PASS
2026-08-26T16:30:10Z	blocker	Recheck live pointer-test availability after final validation	Computer Use and XCUITest require an unlocked drawable macOS user session	IOConsoleLocked=Yes and CGSSessionScreenIsLocked=Yes; no demo process remains; runtime UI evidence is still blocked by the secure console	RUNTIME_BLOCKED_BY_LOCK
